Model,MAE,RMSE,R2
Random Forest,0.17794908186151268,0.45041523683096596,0.9982545118458868
Gradient Boosting,0.33172691408339905,0.559388981148512,0.9973077302386307
Ensemble Model,0.41839216731776074,0.6294409683857516,0.9965912058850567
Linear Regression,0.9409432041209087,1.264739655567567,0.9862376363092002
Ridge Regression,0.9418195610176388,1.2780938408912215,0.9859454727266798
